id,product_type_id,field_name,display_name,attribute_group,required,order_index,description,selected_value,custom_value
252,2,contribution_sku#1.value,SKU,Listing Identity,1,0,,,
253,2,::record_action,Listing Action,Listing Identity,1,1,,Create or Replace (Full Update),
254,2,product_type#1.value,Product Type,Product Identity,1,2,,INSTRUMENT_PARTS_AND_ACCESSORIES,
255,2,item_name[marketplace_id=ATVPDKIKX0DER][language_tag=en_US]#1.value,Item Name,Product Identity,1,3,,,"Gig Gear Cover for [MANUFACTURER_NAME] [SERIES_NAME] [MODEL_NAME] [EQUIPMENT_TYPE] | Genuine Waterproof Cordura or Synthetic Leather Fabric | Select Color, Padding & Pocket Options | Made in US"
256,2,brand[marketplace_id=ATVPDKIKX0DER][language_tag=en_US]#1.value,Brand Name,Product Identity,1,4,,Gig Gear Covers,
257,2,amzn1.volt.ca.product_id_type,Product Id Type,Product Identity,1,5,,GTIN Exempt,
258,2,amzn1.volt.ca.product_id_value,Product Id,Product Identity,0,6,,,
259,2,item_type_keyword[marketplace_id=ATVPDKIKX0DER]#1.value,Item Type Keyword,Product Identity,1,7,,"Musical Instruments > Instrument Accessories > Keyboard Accessories > Bags, Cases & Covers (piano-and-keyboard-cases-and-covers)",
260,2,package_level[marketplace_id=ATVPDKIKX0DER]#1.value,Package Level,Product Identity,0,8,,,
261,2,package_contains_sku[marketplace_id=ATVPDKIKX0DER]#1.quantity,Package Contains SKU Quantity,Product Identity,0,9,,,
262,2,package_contains_sku[marketplace_id=ATVPDKIKX0DER]#1.sku,Package Contains SKU Identifier,Product Identity,0,10,,,
263,2,model_number[marketplace_id=ATVPDKIKX0DER]#1.value,Model Number,Product Identity,1,11,,,[SERIES_NAME] [MODEL_NAME]
264,2,model_name[marketplace_id=ATVPDKIKX0DER][language_tag=en_US]#1.value,Model Name,Product Identity,1,12,,,[SERIES_NAME] [MODEL_NAME]
265,2,manufacturer[marketplace_id=ATVPDKIKX0DER][language_tag=en_US]#1.value,Manufacturer,Product Identity,1,13,,,Gig Gear Covers
266,2,unspsc_code[marketplace_id=ATVPDKIKX0DER]#1.value,UNSPSC Code,Product Identity,0,14,,,
267,2,national_stock_number[marketplace_id=ATVPDKIKX0DER]#1.value,National Stock Number,Product Identity,0,15,,,
268,2,skip_offer[marketplace_id=ATVPDKIKX0DER]#1.value,Skip Offer,Offer,0,16,,,
269,2,condition_type[marketplace_id=ATVPDKIKX0DER]#1.value,Item Condition,Offer,1,17,,New,
270,2,condition_note[marketplace_id=ATVPDKIKX0DER][language_tag=en_US]#1.value,Offer Condition Note,Offer,0,18,,,
271,2,list_price[marketplace_id=ATVPDKIKX0DER]#1.value,List Price,Offer,1,19,,,0
272,2,product_tax_code#1.value,Product Tax Code,Offer,0,20,,,
273,2,merchant_release_date[marketplace_id=ATVPDKIKX0DER]#1.value,Merchant Release Date,Offer,0,21,,,
274,2,max_order_quantity[marketplace_id=ATVPDKIKX0DER]#1.value,Maximum Order Quantity,Offer,0,22,,,
275,2,gift_options[marketplace_id=ATVPDKIKX0DER]#1.can_be_messaged,Offering Can Be Gift Messaged,Offer,0,23,,,
276,2,gift_options[marketplace_id=ATVPDKIKX0DER]#1.can_be_wrapped,Is Gift Wrap Available,Offer,0,24,,,
277,2,main_offer_image_locator[marketplace_id=ATVPDKIKX0DER]#1.media_location,Main Image Location,Offer,0,25,,,
278,2,other_offer_image_locator_1[marketplace_id=ATVPDKIKX0DER]#1.media_location,Other Image Location,Offer,0,26,,,
279,2,other_offer_image_locator_2[marketplace_id=ATVPDKIKX0DER]#1.media_location,Other Image Location,Offer,0,27,,,
280,2,other_offer_image_locator_3[marketplace_id=ATVPDKIKX0DER]#1.media_location,Other Image Location,Offer,0,28,,,
281,2,other_offer_image_locator_4[marketplace_id=ATVPDKIKX0DER]#1.media_location,Other Image Location,Offer,0,29,,,
282,2,other_offer_image_locator_5[marketplace_id=ATVPDKIKX0DER]#1.media_location,Other Image Location,Offer,0,30,,,
283,2,supplemental_condition_information[marketplace_id=ATVPDKIKX0DER]#1.accessories,Accessories,Offer,0,31,,,
284,2,supplemental_condition_information[marketplace_id=ATVPDKIKX0DER]#1.battery_life_percentage,Battery Life Percentage,Offer,0,32,,,
285,2,supplemental_condition_information[marketplace_id=ATVPDKIKX0DER]#1.cosmetic,Cosmetic,Offer,0,33,,,
286,2,supplemental_condition_information[marketplace_id=ATVPDKIKX0DER]#1.features#1,Features,Offer,0,34,,,
287,2,supplemental_condition_information[marketplace_id=ATVPDKIKX0DER]#1.features#2,Features,Offer,0,35,,,
288,2,supplemental_condition_information[marketplace_id=ATVPDKIKX0DER]#1.features#3,Features,Offer,0,36,,,
289,2,supplemental_condition_information[marketplace_id=ATVPDKIKX0DER]#1.features#4,Features,Offer,0,37,,,
290,2,supplemental_condition_information[marketplace_id=ATVPDKIKX0DER]#1.features#5,Features,Offer,0,38,,,
291,2,supplemental_condition_information[marketplace_id=ATVPDKIKX0DER]#1.functional_condition,Functional Condition,Offer,0,39,,,
292,2,supplemental_condition_information[marketplace_id=ATVPDKIKX0DER]#1.packaging,Packaging,Offer,0,40,,,
293,2,supplemental_condition_information[marketplace_id=ATVPDKIKX0DER]#1.source_type,Source Type,Offer,0,41,,,
294,2,fulfillment_availability#1.fulfillment_channel_code,Fulfillment Channel Code (US),"Offer (US) - (Sell on Amazon), (US) - (Amazon Business (B2B))",1,42,,DEFAULT,
295,2,fulfillment_availability#1.quantity,Quantity (US),"Offer (US) - (Sell on Amazon), (US) - (Amazon Business (B2B))",0,43,,99,
296,2,fulfillment_availability#1.lead_time_to_ship_max_days,Handling Time (US),"Offer (US) - (Sell on Amazon), (US) - (Amazon Business (B2B))",1,44,,3,
297,2,fulfillment_availability#1.restock_date,Restock Date (US),"Offer (US) - (Sell on Amazon), (US) - (Amazon Business (B2B))",0,45,,,
298,2,fulfillment_availability#1.is_inventory_available,Inventory Always Available (US),"Offer (US) - (Sell on Amazon), (US) - (Amazon Business (B2B))",1,46,,Enabled,
299,2,purchasable_offer[marketplace_id=ATVPDKIKX0DER][audience=ALL]#1.our_price#1.schedule#1.value_with_tax,"Your Price USD (Sell on Amazon, US)","Offer (US) - (Sell on Amazon), (US) - (Amazon Business (B2B))",1,47,,,
300,2,purchasable_offer[marketplace_id=ATVPDKIKX0DER][audience=ALL]#1.automated_pricing_merchandising_rule_plan#1.merchandising_rule.rule_id,"Pricing Rule (Sell on Amazon, US)","Offer (US) - (Sell on Amazon), (US) - (Amazon Business (B2B))",0,48,,,
301,2,purchasable_offer[marketplace_id=ATVPDKIKX0DER][audience=ALL]#1.minimum_seller_allowed_price#1.schedule#1.value_with_tax,"Minimum Seller Allowed Price (Sell on Amazon, US)","Offer (US) - (Sell on Amazon), (US) - (Amazon Business (B2B))",0,49,,,
302,2,purchasable_offer[marketplace_id=ATVPDKIKX0DER][audience=ALL]#1.maximum_seller_allowed_price#1.schedule#1.value_with_tax,"Maximum Seller Allowed Price (Sell on Amazon, US)","Offer (US) - (Sell on Amazon), (US) - (Amazon Business (B2B))",0,50,,,
303,2,purchasable_offer[marketplace_id=ATVPDKIKX0DER][audience=ALL]#1.discounted_price#1.schedule#1.value_with_tax,"Sale Price USD (Sell on Amazon, US)","Offer (US) - (Sell on Amazon), (US) - (Amazon Business (B2B))",0,51,,,
304,2,purchasable_offer[marketplace_id=ATVPDKIKX0DER][audience=ALL]#1.discounted_price#1.schedule#1.start_at,"Sale Start Date (Sell on Amazon, US)","Offer (US) - (Sell on Amazon), (US) - (Amazon Business (B2B))",0,52,,,
305,2,purchasable_offer[marketplace_id=ATVPDKIKX0DER][audience=ALL]#1.discounted_price#1.schedule#1.end_at,"Sale End Date (Sell on Amazon, US)","Offer (US) - (Sell on Amazon), (US) - (Amazon Business (B2B))",0,53,,,
306,2,purchasable_offer[marketplace_id=ATVPDKIKX0DER][audience=ALL]#1.start_at.value,"Offering Release Date (Sell on Amazon, US)","Offer (US) - (Sell on Amazon), (US) - (Amazon Business (B2B))",0,54,,,
307,2,purchasable_offer[marketplace_id=ATVPDKIKX0DER][audience=ALL]#1.end_at.value,"Stop Selling Date (Sell on Amazon, US)","Offer (US) - (Sell on Amazon), (US) - (Amazon Business (B2B))",0,55,,,
308,2,purchasable_offer[marketplace_id=ATVPDKIKX0DER][audience=B2B]#1.our_price#1.schedule#1.value_with_tax,"Your Price USD (Amazon Business (B2B), US)","Offer (US) - (Sell on Amazon), (US) - (Amazon Business (B2B))",0,56,,,
309,2,purchasable_offer[marketplace_id=ATVPDKIKX0DER][audience=B2B]#1.minimum_seller_allowed_price#1.schedule#1.value_with_tax,"Minimum Seller Allowed Price (Amazon Business (B2B), US)","Offer (US) - (Sell on Amazon), (US) - (Amazon Business (B2B))",0,57,,,
310,2,purchasable_offer[marketplace_id=ATVPDKIKX0DER][audience=B2B]#1.maximum_seller_allowed_price#1.schedule#1.value_with_tax,"Maximum Seller Allowed Price (Amazon Business (B2B), US)","Offer (US) - (Sell on Amazon), (US) - (Amazon Business (B2B))",0,58,,,
311,2,purchasable_offer[marketplace_id=ATVPDKIKX0DER][audience=B2B]#1.start_at.value,"Offering Release Date (Amazon Business (B2B), US)","Offer (US) - (Sell on Amazon), (US) - (Amazon Business (B2B))",0,59,,,
312,2,purchasable_offer[marketplace_id=ATVPDKIKX0DER][audience=B2B]#1.end_at.value,"Stop Selling Date (Amazon Business (B2B), US)","Offer (US) - (Sell on Amazon), (US) - (Amazon Business (B2B))",0,60,,,
313,2,purchasable_offer[marketplace_id=ATVPDKIKX0DER][audience=B2B]#1.quantity_discount_plan#1.schedule#1.discount_type,"Quantity Price Type (Amazon Business (B2B), US)","Offer (US) - (Sell on Amazon), (US) - (Amazon Business (B2B))",0,61,,,
314,2,purchasable_offer[marketplace_id=ATVPDKIKX0DER][audience=B2B]#1.quantity_discount_plan#1.schedule#1.levels#1.lower_bound,"Quantity Threshold (Lower Bound, Amazon Business (B2B), US)","Offer (US) - (Sell on Amazon), (US) - (Amazon Business (B2B))",0,62,,,
315,2,purchasable_offer[marketplace_id=ATVPDKIKX0DER][audience=B2B]#1.quantity_discount_plan#1.schedule#1.levels#1.value,"Quantity Price (Fixed Price/Percentage Discount, Amazon Business (B2B), US)","Offer (US) - (Sell on Amazon), (US) - (Amazon Business (B2B))",0,63,,,
316,2,purchasable_offer[marketplace_id=ATVPDKIKX0DER][audience=B2B]#1.quantity_discount_plan#1.schedule#1.levels#2.lower_bound,"Quantity Threshold (Lower Bound, Amazon Business (B2B), US)","Offer (US) - (Sell on Amazon), (US) - (Amazon Business (B2B))",0,64,,,
317,2,purchasable_offer[marketplace_id=ATVPDKIKX0DER][audience=B2B]#1.quantity_discount_plan#1.schedule#1.levels#2.value,"Quantity Price (Fixed Price/Percentage Discount, Amazon Business (B2B), US)","Offer (US) - (Sell on Amazon), (US) - (Amazon Business (B2B))",0,65,,,
318,2,purchasable_offer[marketplace_id=ATVPDKIKX0DER][audience=B2B]#1.quantity_discount_plan#1.schedule#1.levels#3.lower_bound,"Quantity Threshold (Lower Bound, Amazon Business (B2B), US)","Offer (US) - (Sell on Amazon), (US) - (Amazon Business (B2B))",0,66,,,
319,2,purchasable_offer[marketplace_id=ATVPDKIKX0DER][audience=B2B]#1.quantity_discount_plan#1.schedule#1.levels#3.value,"Quantity Price (Fixed Price/Percentage Discount, Amazon Business (B2B), US)","Offer (US) - (Sell on Amazon), (US) - (Amazon Business (B2B))",0,67,,,
320,2,purchasable_offer[marketplace_id=ATVPDKIKX0DER][audience=B2B]#1.quantity_discount_plan#1.schedule#1.levels#4.lower_bound,"Quantity Threshold (Lower Bound, Amazon Business (B2B), US)","Offer (US) - (Sell on Amazon), (US) - (Amazon Business (B2B))",0,68,,,
321,2,purchasable_offer[marketplace_id=ATVPDKIKX0DER][audience=B2B]#1.quantity_discount_plan#1.schedule#1.levels#4.value,"Quantity Price (Fixed Price/Percentage Discount, Amazon Business (B2B), US)","Offer (US) - (Sell on Amazon), (US) - (Amazon Business (B2B))",0,69,,,
322,2,purchasable_offer[marketplace_id=ATVPDKIKX0DER][audience=B2B]#1.quantity_discount_plan#1.schedule#1.levels#5.lower_bound,"Quantity Threshold (Lower Bound, Amazon Business (B2B), US)","Offer (US) - (Sell on Amazon), (US) - (Amazon Business (B2B))",0,70,,,
323,2,purchasable_offer[marketplace_id=ATVPDKIKX0DER][audience=B2B]#1.quantity_discount_plan#1.schedule#1.levels#5.value,"Quantity Price (Fixed Price/Percentage Discount, Amazon Business (B2B), US)","Offer (US) - (Sell on Amazon), (US) - (Amazon Business (B2B))",0,71,,,
324,2,merchant_shipping_group[marketplace_id=ATVPDKIKX0DER]#1.value,Merchant Shipping Group (US),"Offer (US) - (Sell on Amazon), (US) - (Amazon Business (B2B))",1,72,,Paid_Shipping_Template,
325,2,product_description[marketplace_id=ATVPDKIKX0DER][language_tag=en_US]#1.value,Product Description,Product Details,1,73,,,"<b>Introducing your musical instruments best friend - Gig Gear Covers Ultimate [EQUIPMENT_TYPE] accessory for your [MANUFACTURER_NAME] [SERIES_NAME] [MODEL_NAME].</b><p><b>Protect Your Investment:</b></br>Your [EQUIPMENT_TYPE] deserves the best protection. Gig Gear Covers delivers by hand-crafting precision covers designed to keep your [EQUIPMENT_TYPE] safe from dust, animal hair, spills, scratches and in top-notch condition</p><p><b>Premium Materials:</b></br>We offer 2 different fabrics. </br>* Our 'Choice' Waterproof fabric is tough, medium-weight tear-resistant fabric. It is waterproof, and offers exceptional durability, while preventing your [EQUIPMENT_TYPE] from fading in the Sun.</br>* The Premium Synthetic Leather is beautiful, soft and oozes class. Yet, retains many of the same qualities as our 'Choice' fabric. </p><p><b>They both look great!</b></br>Let us protect your equipment & add a touch of class to your music setup. One that will complement any stage or studio setting.</p><p><b>Commitment to Quality:</b></br>Our handcrafted covers are made in the U.S.A., using top quality materials and equipment. </br>As such, we stand by the quality of our products & if something goes wrong, we're here to help.</p><p><b>COLORS:</b> Up to 10 different colors currently available. </p><p><b>PADDING:</b></br>Add padding to give yourself extra protection for when you're on the road or gigging.</p><p>Gig Gear Covers will keep your [MANUFACTURER_NAME] [SERIES_NAME] [MODEL_NAME] looking and sounding its best. <b>For protection thatâ€™s as exceptional as your playing, order today & let your music shine, onstage and off!</b></br><i>Images MAY NOT represent the specific size/shape of your cover.</i> The cover will come for the model # in the listing title. NOTE: Custom made covers can take up to 3 days to be made."
326,2,bullet_point[marketplace_id=ATVPDKIKX0DER][language_tag=en_US]#1.value,Bullet Point,Product Details,1,74,,,"ðŸŒ§ï¸[PROTECT] Cordura, a trusted name known for strength & durability, make our GGC 'Choice' Waterproof fabric covers a smart option to protect your [MANUFACTURER_NAME] [SERIES_NAME] [EQUIPMENT_TYPE] from spills, chills(ðŸ˜‰), bumps & bruises."
327,2,bullet_point[marketplace_id=ATVPDKIKX0DER][language_tag=en_US]#2.value,Bullet Point,Product Details,1,75,,,"[LONGEVITY/RELIABILITY] Our PREMIUM SYNTHETIC LEATHER covers are water-resistant, come in many colors. Adding a touch of class to complement any stage or studio setting."
328,2,bullet_point[marketplace_id=ATVPDKIKX0DER][language_tag=en_US]#3.value,Bullet Point,Product Details,1,76,,,ðŸŽ¹[REAL WORLD USE] Designed to handle real-world gigging and transportation without compromise. [NO FUSS CLEANING & MAINTENANCE] Using a damp cloth and/or non-abrasive cleaning solution.
329,2,bullet_point[marketplace_id=ATVPDKIKX0DER][language_tag=en_US]#4.value,Bullet Point,Product Details,1,77,,,ðŸ“[OPTIONAL UPGRADES] - Padding: Extra protection while gigging or traveling. Music Rest Design: Dual zipper design allows you to easily slip your cover over an attached music rest. Slip-pocket: Store your power cord and other small items with our slip-cover pocket. Available with certain sizes.
330,2,bullet_point[marketplace_id=ATVPDKIKX0DER][language_tag=en_US]#5.value,Bullet Point,Product Details,0,78,,,
331,2,generic_keyword[marketplace_id=ATVPDKIKX0DER][language_tag=en_US]#1.value,Generic Keyword,Product Details,1,79,,,amp dust padded cover waterproof amplifier synthetic leather stage travel heavy duty protective canvas musician accessory instrument protection gig gear cover road ready
332,2,generic_keyword[marketplace_id=ATVPDKIKX0DER][language_tag=en_US]#2.value,Generic Keyword,Product Details,0,80,,,
333,2,generic_keyword[marketplace_id=ATVPDKIKX0DER][language_tag=en_US]#3.value,Generic Keyword,Product Details,0,81,,,
334,2,generic_keyword[marketplace_id=ATVPDKIKX0DER][language_tag=en_US]#4.value,Generic Keyword,Product Details,0,82,,,
335,2,generic_keyword[marketplace_id=ATVPDKIKX0DER][language_tag=en_US]#5.value,Generic Keyword,Product Details,0,83,,,
336,2,style[marketplace_id=ATVPDKIKX0DER][language_tag=en_US]#1.value,Style,Product Details,0,84,,,
337,2,material[marketplace_id=ATVPDKIKX0DER][language_tag=en_US]#1.value,Material,Product Details,0,85,,,
338,2,material[marketplace_id=ATVPDKIKX0DER][language_tag=en_US]#2.value,Material,Product Details,0,86,,,
339,2,material[marketplace_id=ATVPDKIKX0DER][language_tag=en_US]#3.value,Material,Product Details,0,87,,,
340,2,material[marketplace_id=ATVPDKIKX0DER][language_tag=en_US]#4.value,Material,Product Details,0,88,,,
341,2,material[marketplace_id=ATVPDKIKX0DER][language_tag=en_US]#5.value,Material,Product Details,0,89,,,
342,2,number_of_items[marketplace_id=ATVPDKIKX0DER]#1.value,Number of Items,Product Details,0,90,,,
343,2,item_package_quantity[marketplace_id=ATVPDKIKX0DER]#1.value,Item Package Quantity,Product Details,0,91,,,
344,2,color[marketplace_id=ATVPDKIKX0DER][language_tag=en_US]#1.value,Color,Product Details,0,92,,,
345,2,size[marketplace_id=ATVPDKIKX0DER][language_tag=en_US]#1.value,Size,Product Details,0,93,,,
346,2,part_number[marketplace_id=ATVPDKIKX0DER]#1.value,Part Number,Product Details,1,94,,,[SERIES_NAME] [MODEL_NAME] Cover
347,2,item_shape[marketplace_id=ATVPDKIKX0DER][language_tag=en_US]#1.value,Item Shape,Product Details,0,95,,,
348,2,configuration[marketplace_id=ATVPDKIKX0DER][language_tag=en_US]#1.value,Configuration,Product Details,0,96,,,
349,2,wattage[marketplace_id=ATVPDKIKX0DER]#1.value,Wattage,Product Details,0,97,,,
350,2,wattage[marketplace_id=ATVPDKIKX0DER]#1.unit,Wattage Unit,Product Details,0,98,,,
351,2,voltage[marketplace_id=ATVPDKIKX0DER]#1.value,Voltage,Product Details,0,99,,,
352,2,voltage[marketplace_id=ATVPDKIKX0DER]#1.unit,Voltage Unit,Product Details,0,100,,,
353,2,voltage[marketplace_id=ATVPDKIKX0DER]#2.value,Voltage,Product Details,0,101,,,
354,2,voltage[marketplace_id=ATVPDKIKX0DER]#2.unit,Voltage Unit,Product Details,0,102,,,
355,2,customer_package_type[marketplace_id=ATVPDKIKX0DER][language_tag=en_US]#1.value,Customer Package Type,Product Details,0,103,,,
356,2,pattern[marketplace_id=ATVPDKIKX0DER][language_tag=en_US]#1.value,Pattern,Product Details,0,104,,,
357,2,finish_type[marketplace_id=ATVPDKIKX0DER][language_tag=en_US]#1.value,Finish Type,Product Details,0,105,,,
358,2,unit_count[marketplace_id=ATVPDKIKX0DER]#1.value,Unit Count,Product Details,0,106,,,
359,2,unit_count[marketplace_id=ATVPDKIKX0DER]#1.type[language_tag=en_US].value,Unit Count Type,Product Details,0,107,,,
360,2,street_date[marketplace_id=ATVPDKIKX0DER]#1.value,Release Date,Product Details,0,108,,,
361,2,product_site_launch_date[marketplace_id=ATVPDKIKX0DER]#1.value,Product Site Launch Date,Product Details,0,109,,,
362,2,included_components[marketplace_id=ATVPDKIKX0DER][language_tag=en_US]#1.value,Included Components,Product Details,0,110,,,
363,2,included_components[marketplace_id=ATVPDKIKX0DER][language_tag=en_US]#2.value,Included Components,Product Details,0,111,,,
364,2,included_components[marketplace_id=ATVPDKIKX0DER][language_tag=en_US]#3.value,Included Components,Product Details,0,112,,,
365,2,included_components[marketplace_id=ATVPDKIKX0DER][language_tag=en_US]#4.value,Included Components,Product Details,0,113,,,
366,2,included_components[marketplace_id=ATVPDKIKX0DER][language_tag=en_US]#5.value,Included Components,Product Details,0,114,,,
367,2,hand_orientation[marketplace_id=ATVPDKIKX0DER][language_tag=en_US]#1.value,Hand Orientation,Product Details,0,115,,,
368,2,body[marketplace_id=ATVPDKIKX0DER]#1.material[language_tag=en_US]#1.value,Body Material,Product Details,0,116,,,
369,2,set_name[marketplace_id=ATVPDKIKX0DER][language_tag=en_US]#1.value,Set Name,Product Details,0,117,,,
370,2,government_contract_information[marketplace_id=ATVPDKIKX0DER]#1.name,Government Contract Name,Product Details,0,118,,,
371,2,government_contract_information[marketplace_id=ATVPDKIKX0DER]#1.number,Government Contract Number,Product Details,0,119,,,
372,2,parentage_level[marketplace_id=ATVPDKIKX0DER]#1.value,Parentage Level,Variations,0,120,,,
373,2,child_parent_sku_relationship[marketplace_id=ATVPDKIKX0DER]#1.parent_sku,Parent SKU,Variations,0,121,,,
374,2,variation_theme#1.name,Variation Theme Name,Variations,0,122,,,
375,2,country_of_origin[marketplace_id=ATVPDKIKX0DER]#1.value,Country of Origin,Safety & Compliance,1,123,,United States,
376,2,warranty_description[marketplace_id=ATVPDKIKX0DER][language_tag=en_US]#1.value,Warranty Description,Safety & Compliance,1,124,,,2 year warranty
377,2,warranty_description[marketplace_id=ATVPDKIKX0DER][language_tag=en_US]#2.value,Warranty Description,Safety & Compliance,0,125,,,
378,2,batteries_required[marketplace_id=ATVPDKIKX0DER]#1.value,Are batteries required?,Safety & Compliance,1,126,,No,
379,2,batteries_included[marketplace_id=ATVPDKIKX0DER]#1.value,Are batteries included?,Safety & Compliance,0,127,,,
380,2,battery[marketplace_id=ATVPDKIKX0DER]#1.cell_composition#1.value,Battery Cell Composition,Safety & Compliance,0,128,,,
381,2,battery[marketplace_id=ATVPDKIKX0DER]#1.cell_composition_other_than_listed[language_tag=en_US]#1.value,Battery Cell Composition Other Than Listed,Safety & Compliance,0,129,,,
382,2,battery[marketplace_id=ATVPDKIKX0DER]#1.iec_code#1.value,Battery IEC Code,Safety & Compliance,0,130,,,
383,2,battery[marketplace_id=ATVPDKIKX0DER]#1.weight#1.value,Battery Weight,Safety & Compliance,0,131,,,
384,2,battery[marketplace_id=ATVPDKIKX0DER]#1.weight#1.unit,Battery Weight Unit,Safety & Compliance,0,132,,,
385,2,num_batteries[marketplace_id=ATVPDKIKX0DER]#1.quantity,Number of Batteries,Safety & Compliance,0,133,,,
386,2,num_batteries[marketplace_id=ATVPDKIKX0DER]#1.type,Battery Type,Safety & Compliance,0,134,,,
387,2,num_batteries[marketplace_id=ATVPDKIKX0DER]#2.quantity,Number of Batteries,Safety & Compliance,0,135,,,
388,2,num_batteries[marketplace_id=ATVPDKIKX0DER]#2.type,Battery Type,Safety & Compliance,0,136,,,
389,2,num_batteries[marketplace_id=ATVPDKIKX0DER]#3.quantity,Number of Batteries,Safety & Compliance,0,137,,,
390,2,num_batteries[marketplace_id=ATVPDKIKX0DER]#3.type,Battery Type,Safety & Compliance,0,138,,,
391,2,num_batteries[marketplace_id=ATVPDKIKX0DER]#4.quantity,Number of Batteries,Safety & Compliance,0,139,,,
392,2,num_batteries[marketplace_id=ATVPDKIKX0DER]#4.type,Battery Type,Safety & Compliance,0,140,,,
393,2,num_batteries[marketplace_id=ATVPDKIKX0DER]#5.quantity,Number of Batteries,Safety & Compliance,0,141,,,
394,2,num_batteries[marketplace_id=ATVPDKIKX0DER]#5.type,Battery Type,Safety & Compliance,0,142,,,
395,2,number_of_lithium_metal_cells[marketplace_id=ATVPDKIKX0DER]#1.value,Number of Lithium Metal Cells,Safety & Compliance,0,143,,,
396,2,number_of_lithium_ion_cells[marketplace_id=ATVPDKIKX0DER]#1.value,Number of Lithium-ion Cells,Safety & Compliance,0,144,,,
397,2,lithium_battery[marketplace_id=ATVPDKIKX0DER]#1.energy_content#1.value,Lithium Battery Energy Content,Safety & Compliance,0,145,,,
398,2,lithium_battery[marketplace_id=ATVPDKIKX0DER]#1.energy_content#1.unit,Lithium Battery Energy Content Unit,Safety & Compliance,0,146,,,
399,2,lithium_battery[marketplace_id=ATVPDKIKX0DER]#1.packaging#1.value,Lithium Battery Packaging,Safety & Compliance,0,147,,,
400,2,lithium_battery[marketplace_id=ATVPDKIKX0DER]#1.weight#1.value,Lithium Battery Weight,Safety & Compliance,0,148,,,
401,2,lithium_battery[marketplace_id=ATVPDKIKX0DER]#1.weight#1.unit,Lithium Battery Weight Unit,Safety & Compliance,0,149,,,
402,2,supplier_declared_dg_hz_regulation[marketplace_id=ATVPDKIKX0DER]#1.value,Dangerous Goods Regulations,Safety & Compliance,1,150,,Not Applicable,
403,2,supplier_declared_dg_hz_regulation[marketplace_id=ATVPDKIKX0DER]#2.value,Dangerous Goods Regulations,Safety & Compliance,0,151,,,
404,2,supplier_declared_dg_hz_regulation[marketplace_id=ATVPDKIKX0DER]#3.value,Dangerous Goods Regulations,Safety & Compliance,0,152,,,
405,2,supplier_declared_dg_hz_regulation[marketplace_id=ATVPDKIKX0DER]#4.value,Dangerous Goods Regulations,Safety & Compliance,0,153,,,
406,2,supplier_declared_dg_hz_regulation[marketplace_id=ATVPDKIKX0DER]#5.value,Dangerous Goods Regulations,Safety & Compliance,0,154,,,
407,2,ghs[marketplace_id=ATVPDKIKX0DER]#1.classification#1.class,GHS Class,Safety & Compliance,0,155,,,
408,2,ghs[marketplace_id=ATVPDKIKX0DER]#1.classification#2.class,GHS Class,Safety & Compliance,0,156,,,
409,2,ghs[marketplace_id=ATVPDKIKX0DER]#1.classification#3.class,GHS Class,Safety & Compliance,0,157,,,
410,2,ghs[marketplace_id=ATVPDKIKX0DER]#1.classification#4.class,GHS Class,Safety & Compliance,0,158,,,
411,2,ghs[marketplace_id=ATVPDKIKX0DER]#1.classification#5.class,GHS Class,Safety & Compliance,0,159,,,
412,2,hazmat[marketplace_id=ATVPDKIKX0DER]#1.aspect,Hazmat Aspect,Safety & Compliance,0,160,,,
413,2,hazmat[marketplace_id=ATVPDKIKX0DER]#1.value,Hazmat,Safety & Compliance,0,161,,,
414,2,safety_data_sheet_url[marketplace_id=ATVPDKIKX0DER][language_tag=en_US]#1.value,Safety Data Sheet (SDS or MSDS) URL,Safety & Compliance,0,162,,,
415,2,item_weight[marketplace_id=ATVPDKIKX0DER]#1.value,Item Weight,Safety & Compliance,0,163,,,
416,2,item_weight[marketplace_id=ATVPDKIKX0DER]#1.unit,Item Weight Unit,Safety & Compliance,0,164,,,
417,2,is_this_product_subject_to_buyer_age_restrictions[marketplace_id=ATVPDKIKX0DER]#1.value,Is This Product Subject To Buyer Age Restrictions,Safety & Compliance,0,165,,,
418,2,california_proposition_65[marketplace_id=ATVPDKIKX0DER]#1.compliance_type,California Proposition 65 Warning Type,Safety & Compliance,0,166,,,
419,2,california_proposition_65[marketplace_id=ATVPDKIKX0DER]#1.chemical_names#1,California Proposition 65 Chemical Name(s),Safety & Compliance,0,167,,,
420,2,california_proposition_65[marketplace_id=ATVPDKIKX0DER]#1.chemical_names#2,California Proposition 65 Chemical Name(s),Safety & Compliance,0,168,,,
421,2,california_proposition_65[marketplace_id=ATVPDKIKX0DER]#1.chemical_names#3,California Proposition 65 Chemical Name(s),Safety & Compliance,0,169,,,
422,2,california_proposition_65[marketplace_id=ATVPDKIKX0DER]#1.chemical_names#4,California Proposition 65 Chemical Name(s),Safety & Compliance,0,170,,,
423,2,california_proposition_65[marketplace_id=ATVPDKIKX0DER]#1.chemical_names#5,California Proposition 65 Chemical Name(s),Safety & Compliance,0,171,,,
424,2,pesticide_marking[marketplace_id=ATVPDKIKX0DER]#1.marking_type,Pesticide Marking,Safety & Compliance,0,172,,,
425,2,pesticide_marking[marketplace_id=ATVPDKIKX0DER]#1.registration_status,Pesticide Registration Status,Safety & Compliance,0,173,,,
426,2,pesticide_marking[marketplace_id=ATVPDKIKX0DER]#1.certification_number,Pesticide Certification Number,Safety & Compliance,0,174,,,
427,2,pesticide_marking[marketplace_id=ATVPDKIKX0DER]#2.marking_type,Pesticide Marking,Safety & Compliance,0,175,,,
428,2,pesticide_marking[marketplace_id=ATVPDKIKX0DER]#2.registration_status,Pesticide Registration Status,Safety & Compliance,0,176,,,
429,2,pesticide_marking[marketplace_id=ATVPDKIKX0DER]#2.certification_number,Pesticide Certification Number,Safety & Compliance,0,177,,,
430,2,pesticide_marking[marketplace_id=ATVPDKIKX0DER]#3.marking_type,Pesticide Marking,Safety & Compliance,0,178,,,
431,2,pesticide_marking[marketplace_id=ATVPDKIKX0DER]#3.registration_status,Pesticide Registration Status,Safety & Compliance,0,179,,,
432,2,pesticide_marking[marketplace_id=ATVPDKIKX0DER]#3.certification_number,Pesticide Certification Number,Safety & Compliance,0,180,,,
433,2,fcc_radio_frequency_emission_compliance[marketplace_id=ATVPDKIKX0DER]#1.registration_status,Radio Frequency Emission & Authorization Status,Safety & Compliance,0,181,,,
434,2,fcc_radio_frequency_emission_compliance[marketplace_id=ATVPDKIKX0DER]#1.identification_number,FCC ID,Safety & Compliance,0,182,,,
435,2,fcc_radio_frequency_emission_compliance[marketplace_id=ATVPDKIKX0DER]#1.point_of_contact_name,SDoC Contact Name,Safety & Compliance,0,183,,,
436,2,fcc_radio_frequency_emission_compliance[marketplace_id=ATVPDKIKX0DER]#1.point_of_contact_address,SDoC Contact US Mailing Address,Safety & Compliance,0,184,,,
437,2,fcc_radio_frequency_emission_compliance[marketplace_id=ATVPDKIKX0DER]#1.point_of_contact_email,SDoC Contact Email Address,Safety & Compliance,0,185,,,
438,2,fcc_radio_frequency_emission_compliance[marketplace_id=ATVPDKIKX0DER]#1.point_of_contact_phone_number,SDOC Contact US Phone Number,Safety & Compliance,0,186,,,
439,2,regulatory_compliance_certification[marketplace_id=ATVPDKIKX0DER]#1.regulation_type,Compliance Regulation Type,Safety & Compliance,0,187,,,
440,2,regulatory_compliance_certification[marketplace_id=ATVPDKIKX0DER]#1.value,Regulatory Identification,Safety & Compliance,0,188,,,
441,2,regulatory_compliance_certification[marketplace_id=ATVPDKIKX0DER]#2.regulation_type,Compliance Regulation Type,Safety & Compliance,0,189,,,
442,2,regulatory_compliance_certification[marketplace_id=ATVPDKIKX0DER]#2.value,Regulatory Identification,Safety & Compliance,0,190,,,
443,2,regulatory_compliance_certification[marketplace_id=ATVPDKIKX0DER]#3.regulation_type,Compliance Regulation Type,Safety & Compliance,0,191,,,
444,2,regulatory_compliance_certification[marketplace_id=ATVPDKIKX0DER]#3.value,Regulatory Identification,Safety & Compliance,0,192,,,
445,2,regulatory_compliance_certification[marketplace_id=ATVPDKIKX0DER]#4.regulation_type,Compliance Regulation Type,Safety & Compliance,0,193,,,
446,2,regulatory_compliance_certification[marketplace_id=ATVPDKIKX0DER]#4.value,Regulatory Identification,Safety & Compliance,0,194,,,
447,2,regulatory_compliance_certification[marketplace_id=ATVPDKIKX0DER]#5.regulation_type,Compliance Regulation Type,Safety & Compliance,0,195,,,
448,2,regulatory_compliance_certification[marketplace_id=ATVPDKIKX0DER]#5.value,Regulatory Identification,Safety & Compliance,0,196,,,
449,2,dsa_responsible_party_address[marketplace_id=ATVPDKIKX0DER]#1.value,Responsible Person's Email or Electronic Address,Safety & Compliance,0,197,,,
450,2,compliance_media[marketplace_id=ATVPDKIKX0DER][content_language=en_US][content_type=application_guide]#1.source_location,"Compliance Media Source Location (en_US, Application Guide)",Safety & Compliance,0,198,,,
451,2,compliance_media[marketplace_id=ATVPDKIKX0DER][content_language=en_US][content_type=certificate_of_analysis]#1.source_location,"Compliance Media Source Location (en_US, Certificate of Analysis)",Safety & Compliance,0,199,,,
452,2,compliance_media[marketplace_id=ATVPDKIKX0DER][content_language=en_US][content_type=certificate_of_compliance]#1.source_location,"Compliance Media Source Location (en_US, Certificate of Compliance)",Safety & Compliance,0,200,,,
453,2,compliance_media[marketplace_id=ATVPDKIKX0DER][content_language=en_US][content_type=compatibility_guide]#1.source_location,"Compliance Media Source Location (en_US, Compatibility Guide)",Safety & Compliance,0,201,,,
454,2,compliance_media[marketplace_id=ATVPDKIKX0DER][content_language=en_US][content_type=data_transparency_declaration]#1.source_location,"Compliance Media Source Location (en_US, Data Act Transparency Declaration)",Safety & Compliance,0,202,,,
455,2,compliance_media[marketplace_id=ATVPDKIKX0DER][content_language=en_US][content_type=emergency_use_authorization]#1.source_location,"Compliance Media Source Location (en_US, Emergency Use Authorization)",Safety & Compliance,0,203,,,
456,2,compliance_media[marketplace_id=ATVPDKIKX0DER][content_language=en_US][content_type=emergency_use_authorization_amendment]#1.source_location,"Compliance Media Source Location (en_US, Emergency Use Authorization Amendment)",Safety & Compliance,0,204,,,
457,2,compliance_media[marketplace_id=ATVPDKIKX0DER][content_language=en_US][content_type=installation_manual]#1.source_location,"Compliance Media Source Location (en_US, Installation Manual)",Safety & Compliance,0,205,,,
458,2,compliance_media[marketplace_id=ATVPDKIKX0DER][content_language=en_US][content_type=instructions_for_use]#1.source_location,"Compliance Media Source Location (en_US, Instructions for Use)",Safety & Compliance,0,206,,,
459,2,compliance_media[marketplace_id=ATVPDKIKX0DER][content_language=en_US][content_type=patient_fact_sheet]#1.source_location,"Compliance Media Source Location (en_US, Patient Fact Sheet)",Safety & Compliance,0,207,,,
460,2,compliance_media[marketplace_id=ATVPDKIKX0DER][content_language=en_US][content_type=product_certificate_of_conformity]#1.source_location,"Compliance Media Source Location (en_US, Product Certificate of Conformit)",Safety & Compliance,0,208,,,
461,2,compliance_media[marketplace_id=ATVPDKIKX0DER][content_language=en_US][content_type=provider_fact_sheet]#1.source_location,"Compliance Media Source Location (en_US, Provider Fact Sheet)",Safety & Compliance,0,209,,,
462,2,compliance_media[marketplace_id=ATVPDKIKX0DER][content_language=en_US][content_type=safety_data_sheet]#1.source_location,"Compliance Media Source Location (en_US, Safety Data Sheet)",Safety & Compliance,0,210,,,
463,2,compliance_media[marketplace_id=ATVPDKIKX0DER][content_language=en_US][content_type=safety_information]#1.source_location,"Compliance Media Source Location (en_US, Safety Information)",Safety & Compliance,0,211,,,
464,2,compliance_media[marketplace_id=ATVPDKIKX0DER][content_language=en_US][content_type=specification_sheet]#1.source_location,"Compliance Media Source Location (en_US, Specification Sheet)",Safety & Compliance,0,212,,,
465,2,compliance_media[marketplace_id=ATVPDKIKX0DER][content_language=en_US][content_type=troubleshooting_guide]#1.source_location,"Compliance Media Source Location (en_US, Troubleshooting Guide)",Safety & Compliance,0,213,,,
466,2,compliance_media[marketplace_id=ATVPDKIKX0DER][content_language=en_US][content_type=user_guide]#1.source_location,"Compliance Media Source Location (en_US, User Guide)",Safety & Compliance,0,214,,,
467,2,compliance_media[marketplace_id=ATVPDKIKX0DER][content_language=en_US][content_type=user_manual]#1.source_location,"Compliance Media Source Location (en_US, User Manual)",Safety & Compliance,0,215,,,
468,2,compliance_media[marketplace_id=ATVPDKIKX0DER][content_language=en_US][content_type=warranty]#1.source_location,"Compliance Media Source Location (en_US, Warranty)",Safety & Compliance,0,216,,,
469,2,gpsr_safety_attestation[marketplace_id=ATVPDKIKX0DER]#1.value,GPSR Safety Attestation,Safety & Compliance,0,217,,,
470,2,gpsr_manufacturer_reference[marketplace_id=ATVPDKIKX0DER]#1.gpsr_manufacturer_email_address,Manufacturerâ€™s Email or Electronic Address,Safety & Compliance,0,218,,,
471,2,has_multiple_battery_powered_components[marketplace_id=ATVPDKIKX0DER]#1.value,Has Multiple Battery Powered Components,Safety & Compliance,0,219,,,
472,2,ships_globally[marketplace_id=ATVPDKIKX0DER]#1.value,Ships Globally,Safety & Compliance,0,220,,,
473,2,contains_battery_or_cell[marketplace_id=ATVPDKIKX0DER]#1.value,Contains Battery or Cell,Safety & Compliance,0,221,,,
474,2,battery_contains_free_unabsorbed_liquid[marketplace_id=ATVPDKIKX0DER]#1.value,Battery Contains free Unabsorbed Liquid,Safety & Compliance,0,222,,,
475,2,is_battery_non_spillable[marketplace_id=ATVPDKIKX0DER]#1.value,Is Battery Non Spillable,Safety & Compliance,0,223,,,
476,2,non_lithium_battery_packaging[marketplace_id=ATVPDKIKX0DER]#1.value,Non-Lithium Battery Packaging,Safety & Compliance,0,224,,,
477,2,has_replaceable_battery[marketplace_id=ATVPDKIKX0DER]#1.value,Has Replaceable Battery,Safety & Compliance,0,225,,,
478,2,non_lithium_battery_energy_content[marketplace_id=ATVPDKIKX0DER]#1.value,Non-Lithium Battery Energy Content,Safety & Compliance,0,226,,,
479,2,non_lithium_battery_energy_content[marketplace_id=ATVPDKIKX0DER]#1.unit,Non-Lithium Battery Energy Content Unit,Safety & Compliance,0,227,,,
480,2,has_less_than_30_percent_state_of_charge[marketplace_id=ATVPDKIKX0DER]#1.value,Has Less than 30 Percent State of Charge,Safety & Compliance,0,228,,,
481,2,battery_installation_device_type[marketplace_id=ATVPDKIKX0DER]#1.value,Battery Installation Device Type,Safety & Compliance,0,229,,,
482,2,is_oem_sourced_product[marketplace_id=ATVPDKIKX0DER]#1.value,Is OEM Sourced Product,Safety & Compliance,0,230,,,
483,2,ghs_chemical_h_code[marketplace_id=ATVPDKIKX0DER]#1.value,GHS Chemical H Code,Safety & Compliance,0,231,,,
484,2,ghs_chemical_h_code[marketplace_id=ATVPDKIKX0DER]#2.value,GHS Chemical H Code,Safety & Compliance,0,232,,,
485,2,ghs_chemical_h_code[marketplace_id=ATVPDKIKX0DER]#3.value,GHS Chemical H Code,Safety & Compliance,0,233,,,
486,2,ghs_chemical_h_code[marketplace_id=ATVPDKIKX0DER]#4.value,GHS Chemical H Code,Safety & Compliance,0,234,,,
487,2,ghs_chemical_h_code[marketplace_id=ATVPDKIKX0DER]#5.value,GHS Chemical H Code,Safety & Compliance,0,235,,,
488,2,baa_taa_regulation_compliance[marketplace_id=ATVPDKIKX0DER]#1.value,BAA/TAA Regulation Compliance,Safety & Compliance,0,236,,,
489,2,baa_taa_compliance_acknowledgement[marketplace_id=ATVPDKIKX0DER]#1.value,BAA TAA Compliance Acknowledgement,Safety & Compliance,0,237,,,
490,2,taa_compliant_country[marketplace_id=ATVPDKIKX0DER]#1.value,TAA Compliant Country,Safety & Compliance,0,238,,,
491,2,main_product_image_locator[marketplace_id=ATVPDKIKX0DER]#1.media_location,Main Image URL,Images,1,239,,,https://giggearcovers.com/amazon-images/[Manufacturer_Name]/[Series_Name]/[Manufacturer_Name]_[Series_Name]_[Model_Name]_[Equipment_Type]_Cover_001.jpg
492,2,other_product_image_locator_1[marketplace_id=ATVPDKIKX0DER]#1.media_location,Other Image URL,Images,1,240,,,https://giggearcovers.com/amazon-images/[Manufacturer_Name]/[Series_Name]/[Manufacturer_Name]_[Series_Name]_[Model_Name]_[Equipment_Type]_Cover_002.jpg
493,2,other_product_image_locator_2[marketplace_id=ATVPDKIKX0DER]#1.media_location,Other Image URL,Images,1,241,,,https://giggearcovers.com/amazon-images/[Manufacturer_Name]/[Series_Name]/[Manufacturer_Name]_[Series_Name]_[Model_Name]_[Equipment_Type]_Cover_003.jpg
494,2,other_product_image_locator_3[marketplace_id=ATVPDKIKX0DER]#1.media_location,Other Image URL,Images,1,242,,,https://giggearcovers.com/amazon-images/[Manufacturer_Name]/[Series_Name]/[Manufacturer_Name]_[Series_Name]_[Model_Name]_[Equipment_Type]_Cover_004.jpg
495,2,other_product_image_locator_4[marketplace_id=ATVPDKIKX0DER]#1.media_location,Other Image URL,Images,1,243,,,https://giggearcovers.com/amazon-images/[Manufacturer_Name]/[Series_Name]/[Manufacturer_Name]_[Series_Name]_[Model_Name]_[Equipment_Type]_Cover_005.jpg
496,2,other_product_image_locator_5[marketplace_id=ATVPDKIKX0DER]#1.media_location,Other Image URL,Images,1,244,,,https://giggearcovers.com/amazon-images/[Manufacturer_Name]/[Series_Name]/[Manufacturer_Name]_[Series_Name]_[Model_Name]_[Equipment_Type]_Cover_006.jpg
497,2,other_product_image_locator_6[marketplace_id=ATVPDKIKX0DER]#1.media_location,Other Image URL,Images,1,245,,,https://giggearcovers.com/amazon-images/[Manufacturer_Name]/[Series_Name]/[Manufacturer_Name]_[Series_Name]_[Model_Name]_[Equipment_Type]_Cover_007.jpg
498,2,other_product_image_locator_7[marketplace_id=ATVPDKIKX0DER]#1.media_location,Other Image URL,Images,0,246,,,https://giggearcovers.com/amazon-images/[Manufacturer_Name]/[Series_Name]/[Manufacturer_Name]_[Series_Name]_[Model_Name]_[Equipment_Type]_Cover_008.jpg
499,2,other_product_image_locator_8[marketplace_id=ATVPDKIKX0DER]#1.media_location,Other Image URL,Images,0,247,,,https://giggearcovers.com/amazon-images/[Manufacturer_Name]/[Series_Name]/[Manufacturer_Name]_[Series_Name]_[Model_Name]_[Equipment_Type]_Cover_009.jpg
500,2,swatch_product_image_locator[marketplace_id=ATVPDKIKX0DER]#1.media_location,Swatch Image URL,Images,0,248,,,
501,2,item_dimensions[marketplace_id=ATVPDKIKX0DER]#1.length.value,Item Length,Shipping,0,249,,,
502,2,item_dimensions[marketplace_id=ATVPDKIKX0DER]#1.length.unit,Item Length Unit,Shipping,0,250,,,
503,2,item_dimensions[marketplace_id=ATVPDKIKX0DER]#1.width.value,Item Width,Shipping,0,251,,,
504,2,item_dimensions[marketplace_id=ATVPDKIKX0DER]#1.width.unit,Item Width Unit,Shipping,0,252,,,
505,2,item_dimensions[marketplace_id=ATVPDKIKX0DER]#1.height.value,Item Height,Shipping,0,253,,,
506,2,item_dimensions[marketplace_id=ATVPDKIKX0DER]#1.height.unit,Item Height Unit,Shipping,0,254,,,
507,2,item_package_dimensions[marketplace_id=ATVPDKIKX0DER]#1.length.value,Item Package Length,Shipping,1,255,,12.5,
508,2,item_package_dimensions[marketplace_id=ATVPDKIKX0DER]#1.length.unit,Package Length Unit,Shipping,1,256,,Inches,
509,2,item_package_dimensions[marketplace_id=ATVPDKIKX0DER]#1.width.value,Item Package Width,Shipping,1,257,,1,
510,2,item_package_dimensions[marketplace_id=ATVPDKIKX0DER]#1.width.unit,Package Width Unit,Shipping,1,258,,Inches,
511,2,item_package_dimensions[marketplace_id=ATVPDKIKX0DER]#1.height.value,Item Package Height,Shipping,1,259,,1,
512,2,item_package_dimensions[marketplace_id=ATVPDKIKX0DER]#1.height.unit,Package Height Unit,Shipping,1,260,,Inches,
513,2,item_package_weight[marketplace_id=ATVPDKIKX0DER]#1.value,Package Weight,Shipping,1,261,,16,
514,2,item_package_weight[marketplace_id=ATVPDKIKX0DER]#1.unit,Package Weight Unit,Shipping,1,262,,Ounces,
515,2,number_of_boxes[marketplace_id=ATVPDKIKX0DER]#1.value,Number of Boxes,Shipping,0,263,,,
516,1,contribution_sku#1.value,SKU,Listing Identity,1,0,,,
517,1,::record_action,Listing Action,Listing Identity,1,1,,Create or Replace (Full Update),
518,1,product_type#1.value,Product Type,Product Identity,1,2,,SOUND_AND_RECORDING_EQUIPMENT,
519,1,item_name[marketplace_id=ATVPDKIKX0DER][language_tag=en_US]#1.value,Item Name,Product Identity,1,3,,,"Gig Gear Cover for [MANUFACTURER_NAME] [SERIES_NAME] [MODEL_NAME] [EQUIPMENT_TYPE] | Genuine Waterproof Cordura or Synthetic Leather Fabric | Select Color, Padding & Pocket Options | Made in US"
520,1,brand[marketplace_id=ATVPDKIKX0DER][language_tag=en_US]#1.value,Brand Name,Product Identity,1,4,,Gig Gear Covers,
521,1,amzn1.volt.ca.product_id_type,Product Id Type,Product Identity,1,5,,GTIN Exempt,
522,1,amzn1.volt.ca.product_id_value,Product Id,Product Identity,0,6,,,
523,1,item_type_keyword[marketplace_id=ATVPDKIKX0DER]#1.value,Item Type Keyword,Product Identity,1,7,,"Musical Instruments > Instrument Accessories > Guitar & Bass Accessories > Amplifier Accessories > Bags, Cases & Covers (instrument-amplifier-bags-cases-and-covers)",
524,1,package_level[marketplace_id=ATVPDKIKX0DER]#1.value,Package Level,Product Identity,0,8,,,
525,1,package_contains_sku[marketplace_id=ATVPDKIKX0DER]#1.quantity,Package Contains SKU Quantity,Product Identity,0,9,,,
526,1,package_contains_sku[marketplace_id=ATVPDKIKX0DER]#1.sku,Package Contains SKU Identifier,Product Identity,0,10,,,
527,1,model_number[marketplace_id=ATVPDKIKX0DER]#1.value,Model Number,Product Identity,1,11,,,[SERIES_NAME] [MODEL_NAME]
528,1,model_name[marketplace_id=ATVPDKIKX0DER][language_tag=en_US]#1.value,Model Name,Product Identity,1,12,,,[SERIES_NAME] [MODEL_NAME]
529,1,manufacturer[marketplace_id=ATVPDKIKX0DER][language_tag=en_US]#1.value,Manufacturer,Product Identity,1,13,,,Gig Gear Covers
530,1,unspsc_code[marketplace_id=ATVPDKIKX0DER]#1.value,UNSPSC Code,Product Identity,0,14,,,
531,1,national_stock_number[marketplace_id=ATVPDKIKX0DER]#1.value,National Stock Number,Product Identity,0,15,,,
532,1,skip_offer[marketplace_id=ATVPDKIKX0DER]#1.value,Skip Offer,Offer,0,16,,,
533,1,condition_type[marketplace_id=ATVPDKIKX0DER]#1.value,Item Condition,Offer,1,17,,New,
534,1,condition_note[marketplace_id=ATVPDKIKX0DER][language_tag=en_US]#1.value,Offer Condition Note,Offer,0,18,,,
535,1,list_price[marketplace_id=ATVPDKIKX0DER]#1.value,List Price,Offer,1,19,,0,
536,1,product_tax_code#1.value,Product Tax Code,Offer,0,20,,,
537,1,merchant_release_date[marketplace_id=ATVPDKIKX0DER]#1.value,Merchant Release Date,Offer,0,21,,,
538,1,max_order_quantity[marketplace_id=ATVPDKIKX0DER]#1.value,Maximum Order Quantity,Offer,0,22,,,
539,1,gift_options[marketplace_id=ATVPDKIKX0DER]#1.can_be_messaged,Offering Can Be Gift Messaged,Offer,0,23,,,
540,1,gift_options[marketplace_id=ATVPDKIKX0DER]#1.can_be_wrapped,Is Gift Wrap Available,Offer,0,24,,,
541,1,main_offer_image_locator[marketplace_id=ATVPDKIKX0DER]#1.media_location,Main Image Location,Offer,0,25,,,
542,1,other_offer_image_locator_1[marketplace_id=ATVPDKIKX0DER]#1.media_location,Other Image Location,Offer,0,26,,,
543,1,other_offer_image_locator_2[marketplace_id=ATVPDKIKX0DER]#1.media_location,Other Image Location,Offer,0,27,,,
544,1,other_offer_image_locator_3[marketplace_id=ATVPDKIKX0DER]#1.media_location,Other Image Location,Offer,0,28,,,
545,1,other_offer_image_locator_4[marketplace_id=ATVPDKIKX0DER]#1.media_location,Other Image Location,Offer,0,29,,,
546,1,other_offer_image_locator_5[marketplace_id=ATVPDKIKX0DER]#1.media_location,Other Image Location,Offer,0,30,,,
547,1,supplemental_condition_information[marketplace_id=ATVPDKIKX0DER]#1.accessories,Accessories,Offer,0,31,,,
548,1,supplemental_condition_information[marketplace_id=ATVPDKIKX0DER]#1.battery_life_percentage,Battery Life Percentage,Offer,0,32,,,
549,1,supplemental_condition_information[marketplace_id=ATVPDKIKX0DER]#1.cosmetic,Cosmetic,Offer,0,33,,,
550,1,supplemental_condition_information[marketplace_id=ATVPDKIKX0DER]#1.features#1,Features,Offer,0,34,,,
551,1,supplemental_condition_information[marketplace_id=ATVPDKIKX0DER]#1.features#2,Features,Offer,0,35,,,
552,1,supplemental_condition_information[marketplace_id=ATVPDKIKX0DER]#1.features#3,Features,Offer,0,36,,,
553,1,supplemental_condition_information[marketplace_id=ATVPDKIKX0DER]#1.features#4,Features,Offer,0,37,,,
554,1,supplemental_condition_information[marketplace_id=ATVPDKIKX0DER]#1.features#5,Features,Offer,0,38,,,
555,1,supplemental_condition_information[marketplace_id=ATVPDKIKX0DER]#1.functional_condition,Functional Condition,Offer,0,39,,,
556,1,supplemental_condition_information[marketplace_id=ATVPDKIKX0DER]#1.packaging,Packaging,Offer,0,40,,,
557,1,supplemental_condition_information[marketplace_id=ATVPDKIKX0DER]#1.source_type,Source Type,Offer,0,41,,,
558,1,fulfillment_availability#1.fulfillment_channel_code,Fulfillment Channel Code (US),"Offer (US) - (Sell on Amazon), (US) - (Amazon Business (B2B))",1,42,,DEFAULT,
559,1,fulfillment_availability#1.quantity,Quantity (US),"Offer (US) - (Sell on Amazon), (US) - (Amazon Business (B2B))",0,43,,,
560,1,fulfillment_availability#1.lead_time_to_ship_max_days,Handling Time (US),"Offer (US) - (Sell on Amazon), (US) - (Amazon Business (B2B))",1,44,,3,
561,1,fulfillment_availability#1.restock_date,Restock Date (US),"Offer (US) - (Sell on Amazon), (US) - (Amazon Business (B2B))",0,45,,,
562,1,fulfillment_availability#1.is_inventory_available,Inventory Always Available (US),"Offer (US) - (Sell on Amazon), (US) - (Amazon Business (B2B))",1,46,,Enabled,
563,1,purchasable_offer[marketplace_id=ATVPDKIKX0DER][audience=ALL]#1.our_price#1.schedule#1.value_with_tax,"Your Price USD (Sell on Amazon, US)","Offer (US) - (Sell on Amazon), (US) - (Amazon Business (B2B))",1,47,,,
564,1,purchasable_offer[marketplace_id=ATVPDKIKX0DER][audience=ALL]#1.automated_pricing_merchandising_rule_plan#1.merchandising_rule.rule_id,"Pricing Rule (Sell on Amazon, US)","Offer (US) - (Sell on Amazon), (US) - (Amazon Business (B2B))",0,48,,,
565,1,purchasable_offer[marketplace_id=ATVPDKIKX0DER][audience=ALL]#1.minimum_seller_allowed_price#1.schedule#1.value_with_tax,"Minimum Seller Allowed Price (Sell on Amazon, US)","Offer (US) - (Sell on Amazon), (US) - (Amazon Business (B2B))",0,49,,,
566,1,purchasable_offer[marketplace_id=ATVPDKIKX0DER][audience=ALL]#1.maximum_seller_allowed_price#1.schedule#1.value_with_tax,"Maximum Seller Allowed Price (Sell on Amazon, US)","Offer (US) - (Sell on Amazon), (US) - (Amazon Business (B2B))",0,50,,,
567,1,purchasable_offer[marketplace_id=ATVPDKIKX0DER][audience=ALL]#1.discounted_price#1.schedule#1.value_with_tax,"Sale Price USD (Sell on Amazon, US)","Offer (US) - (Sell on Amazon), (US) - (Amazon Business (B2B))",0,51,,,
568,1,purchasable_offer[marketplace_id=ATVPDKIKX0DER][audience=ALL]#1.discounted_price#1.schedule#1.start_at,"Sale Start Date (Sell on Amazon, US)","Offer (US) - (Sell on Amazon), (US) - (Amazon Business (B2B))",0,52,,,
569,1,purchasable_offer[marketplace_id=ATVPDKIKX0DER][audience=ALL]#1.discounted_price#1.schedule#1.end_at,"Sale End Date (Sell on Amazon, US)","Offer (US) - (Sell on Amazon), (US) - (Amazon Business (B2B))",0,53,,,
570,1,purchasable_offer[marketplace_id=ATVPDKIKX0DER][audience=ALL]#1.start_at.value,"Offering Release Date (Sell on Amazon, US)","Offer (US) - (Sell on Amazon), (US) - (Amazon Business (B2B))",0,54,,,
571,1,purchasable_offer[marketplace_id=ATVPDKIKX0DER][audience=ALL]#1.end_at.value,"Stop Selling Date (Sell on Amazon, US)","Offer (US) - (Sell on Amazon), (US) - (Amazon Business (B2B))",0,55,,,
572,1,purchasable_offer[marketplace_id=ATVPDKIKX0DER][audience=B2B]#1.our_price#1.schedule#1.value_with_tax,"Your Price USD (Amazon Business (B2B), US)","Offer (US) - (Sell on Amazon), (US) - (Amazon Business (B2B))",0,56,,,
573,1,purchasable_offer[marketplace_id=ATVPDKIKX0DER][audience=B2B]#1.minimum_seller_allowed_price#1.schedule#1.value_with_tax,"Minimum Seller Allowed Price (Amazon Business (B2B), US)","Offer (US) - (Sell on Amazon), (US) - (Amazon Business (B2B))",0,57,,,
574,1,purchasable_offer[marketplace_id=ATVPDKIKX0DER][audience=B2B]#1.maximum_seller_allowed_price#1.schedule#1.value_with_tax,"Maximum Seller Allowed Price (Amazon Business (B2B), US)","Offer (US) - (Sell on Amazon), (US) - (Amazon Business (B2B))",0,58,,,
575,1,purchasable_offer[marketplace_id=ATVPDKIKX0DER][audience=B2B]#1.start_at.value,"Offering Release Date (Amazon Business (B2B), US)","Offer (US) - (Sell on Amazon), (US) - (Amazon Business (B2B))",0,59,,,
576,1,purchasable_offer[marketplace_id=ATVPDKIKX0DER][audience=B2B]#1.end_at.value,"Stop Selling Date (Amazon Business (B2B), US)","Offer (US) - (Sell on Amazon), (US) - (Amazon Business (B2B))",0,60,,,
577,1,purchasable_offer[marketplace_id=ATVPDKIKX0DER][audience=B2B]#1.quantity_discount_plan#1.schedule#1.discount_type,"Quantity Price Type (Amazon Business (B2B), US)","Offer (US) - (Sell on Amazon), (US) - (Amazon Business (B2B))",0,61,,,
578,1,purchasable_offer[marketplace_id=ATVPDKIKX0DER][audience=B2B]#1.quantity_discount_plan#1.schedule#1.levels#1.lower_bound,"Quantity Threshold (Lower Bound, Amazon Business (B2B), US)","Offer (US) - (Sell on Amazon), (US) - (Amazon Business (B2B))",0,62,,,
579,1,purchasable_offer[marketplace_id=ATVPDKIKX0DER][audience=B2B]#1.quantity_discount_plan#1.schedule#1.levels#1.value,"Quantity Price (Fixed Price/Percentage Discount, Amazon Business (B2B), US)","Offer (US) - (Sell on Amazon), (US) - (Amazon Business (B2B))",0,63,,,
580,1,purchasable_offer[marketplace_id=ATVPDKIKX0DER][audience=B2B]#1.quantity_discount_plan#1.schedule#1.levels#2.lower_bound,"Quantity Threshold (Lower Bound, Amazon Business (B2B), US)","Offer (US) - (Sell on Amazon), (US) - (Amazon Business (B2B))",0,64,,,
581,1,purchasable_offer[marketplace_id=ATVPDKIKX0DER][audience=B2B]#1.quantity_discount_plan#1.schedule#1.levels#2.value,"Quantity Price (Fixed Price/Percentage Discount, Amazon Business (B2B), US)","Offer (US) - (Sell on Amazon), (US) - (Amazon Business (B2B))",0,65,,,
582,1,purchasable_offer[marketplace_id=ATVPDKIKX0DER][audience=B2B]#1.quantity_discount_plan#1.schedule#1.levels#3.lower_bound,"Quantity Threshold (Lower Bound, Amazon Business (B2B), US)","Offer (US) - (Sell on Amazon), (US) - (Amazon Business (B2B))",0,66,,,
583,1,purchasable_offer[marketplace_id=ATVPDKIKX0DER][audience=B2B]#1.quantity_discount_plan#1.schedule#1.levels#3.value,"Quantity Price (Fixed Price/Percentage Discount, Amazon Business (B2B), US)","Offer (US) - (Sell on Amazon), (US) - (Amazon Business (B2B))",0,67,,,
584,1,purchasable_offer[marketplace_id=ATVPDKIKX0DER][audience=B2B]#1.quantity_discount_plan#1.schedule#1.levels#4.lower_bound,"Quantity Threshold (Lower Bound, Amazon Business (B2B), US)","Offer (US) - (Sell on Amazon), (US) - (Amazon Business (B2B))",0,68,,,
585,1,purchasable_offer[marketplace_id=ATVPDKIKX0DER][audience=B2B]#1.quantity_discount_plan#1.schedule#1.levels#4.value,"Quantity Price (Fixed Price/Percentage Discount, Amazon Business (B2B), US)","Offer (US) - (Sell on Amazon), (US) - (Amazon Business (B2B))",0,69,,,
586,1,purchasable_offer[marketplace_id=ATVPDKIKX0DER][audience=B2B]#1.quantity_discount_plan#1.schedule#1.levels#5.lower_bound,"Quantity Threshold (Lower Bound, Amazon Business (B2B), US)","Offer (US) - (Sell on Amazon), (US) - (Amazon Business (B2B))",0,70,,,
587,1,purchasable_offer[marketplace_id=ATVPDKIKX0DER][audience=B2B]#1.quantity_discount_plan#1.schedule#1.levels#5.value,"Quantity Price (Fixed Price/Percentage Discount, Amazon Business (B2B), US)","Offer (US) - (Sell on Amazon), (US) - (Amazon Business (B2B))",0,71,,,
588,1,merchant_shipping_group[marketplace_id=ATVPDKIKX0DER]#1.value,Merchant Shipping Group (US),"Offer (US) - (Sell on Amazon), (US) - (Amazon Business (B2B))",1,72,,Paid_Shipping_Template,
589,1,product_description[marketplace_id=ATVPDKIKX0DER][language_tag=en_US]#1.value,Product Description,Product Details,1,73,,,"<b>Introducing your musical instruments best friend - Gig Gear Covers Ultimate [EQUIPMENT_TYPE] accessory for your [MANUFACTURER_NAME] [SERIES_NAME] [MODEL_NAME].</b><p><b>Protect Your Investment:</b></br>Your [EQUIPMENT_TYPE] deserves the best protection. Gig Gear Covers delivers by hand-crafting precision covers designed to keep your [EQUIPMENT_TYPE] safe from dust, animal hair, spills, scratches and in top-notch condition</p><p><b>Premium Materials:</b></br>We offer 2 different fabrics. </br>* Our 'Choice' Waterproof fabric is tough, medium-weight tear-resistant fabric. It is waterproof, and offers exceptional durability, while preventing your [EQUIPMENT_TYPE] from fading in the Sun.</br>* The Premium Synthetic Leather is beautiful, soft and oozes class. Yet, retains many of the same qualities as our 'Choice' fabric. </p><p><b>They both look great!</b></br>Let us protect your equipment & add a touch of class to your music setup. One that will complement any stage or studio setting.</p><p><b>Commitment to Quality:</b></br>Our handcrafted covers are made in the U.S.A., using top quality materials and equipment. </br>As such, we stand by the quality of our products & if something goes wrong, we're here to help.</p><p><b>COLORS:</b> Up to 10 different colors currently available. </p><p><b>PADDING:</b></br>Add padding to give yourself extra protection for when you're on the road or gigging.</p><p>Gig Gear Covers will keep your [MANUFACTURER_NAME] [SERIES_NAME] [MODEL_NAME] looking and sounding its best. <b>For protection thatâ€™s as exceptional as your playing, order today & let your music shine, onstage and off!</b></br><i>Images MAY NOT represent the specific size/shape of your cover.</i> The cover will come for the model # in the listing title. NOTE: Custom made covers can take up to 3 days to be made."
590,1,bullet_point[marketplace_id=ATVPDKIKX0DER][language_tag=en_US]#1.value,Bullet Point,Product Details,1,74,,,"ðŸŒ§ï¸[PROTECT] Cordura, a trusted name known for strength & durability, make our GGC 'Choice' Waterproof fabric covers a smart option to protect your [MANUFACTURER_NAME] [SERIES_NAME] [EQUIPMENT_TYPE] from spills, chills(ðŸ˜‰), bumps & bruises."
591,1,bullet_point[marketplace_id=ATVPDKIKX0DER][language_tag=en_US]#2.value,Bullet Point,Product Details,1,75,,,"[LONGEVITY/RELIABILITY] Our PREMIUM SYNTHETIC LEATHER covers are water-resistant, come in many colors. Adding a touch of class to complement any stage or studio setting."
592,1,bullet_point[marketplace_id=ATVPDKIKX0DER][language_tag=en_US]#3.value,Bullet Point,Product Details,1,76,,,ðŸŽ¸[REAL WORLD USE] Designed to handle real-world gigging and transportation without compromise. [NO FUSS CLEANING & MAINTENANCE] Using a damp cloth and/or non-abrasive cleaning solution.
593,1,bullet_point[marketplace_id=ATVPDKIKX0DER][language_tag=en_US]#4.value,Bullet Point,Product Details,1,77,,,"ðŸ“[OPTIONAL UPGRADES] - Padding: Extra protection while gigging or traveling. 2-in-1 Pocket: Large enough to hold phones, cords, power banks & more. The unique design includes an interior divider, essentially making 2 pockets in 1 and closes with a smooth sliding zipper. [TOP ZIPPER HANDLE] Seal off the handle opening with a zipper to protect from moisture."
594,1,bullet_point[marketplace_id=ATVPDKIKX0DER][language_tag=en_US]#5.value,Bullet Point,Product Details,0,78,,,
595,1,generic_keyword[marketplace_id=ATVPDKIKX0DER][language_tag=en_US]#1.value,Generic Keyword,Product Details,1,79,,,amp dust padded cover waterproof amplifier synthetic leather stage travel heavy duty protective canvas musician accessory instrument protection gig gear cover road ready
596,1,generic_keyword[marketplace_id=ATVPDKIKX0DER][language_tag=en_US]#2.value,Generic Keyword,Product Details,0,80,,,
597,1,generic_keyword[marketplace_id=ATVPDKIKX0DER][language_tag=en_US]#3.value,Generic Keyword,Product Details,0,81,,,
598,1,generic_keyword[marketplace_id=ATVPDKIKX0DER][language_tag=en_US]#4.value,Generic Keyword,Product Details,0,82,,,
599,1,generic_keyword[marketplace_id=ATVPDKIKX0DER][language_tag=en_US]#5.value,Generic Keyword,Product Details,0,83,,,
600,1,style[marketplace_id=ATVPDKIKX0DER][language_tag=en_US]#1.value,Style,Product Details,0,84,,,
601,1,material[marketplace_id=ATVPDKIKX0DER][language_tag=en_US]#1.value,Material,Product Details,0,85,,,
602,1,material[marketplace_id=ATVPDKIKX0DER][language_tag=en_US]#2.value,Material,Product Details,0,86,,,
603,1,material[marketplace_id=ATVPDKIKX0DER][language_tag=en_US]#3.value,Material,Product Details,0,87,,,
604,1,material[marketplace_id=ATVPDKIKX0DER][language_tag=en_US]#4.value,Material,Product Details,0,88,,,
605,1,material[marketplace_id=ATVPDKIKX0DER][language_tag=en_US]#5.value,Material,Product Details,0,89,,,
606,1,number_of_items[marketplace_id=ATVPDKIKX0DER]#1.value,Number of Items,Product Details,0,90,,,
607,1,item_package_quantity[marketplace_id=ATVPDKIKX0DER]#1.value,Item Package Quantity,Product Details,0,91,,,
608,1,display[marketplace_id=ATVPDKIKX0DER]#1.size#1.value,Screen Size,Product Details,0,92,,,
609,1,display[marketplace_id=ATVPDKIKX0DER]#1.size#1.unit,Display Size Unit,Product Details,0,93,,,
610,1,color[marketplace_id=ATVPDKIKX0DER][language_tag=en_US]#1.value,Color,Product Details,0,94,,,
611,1,size[marketplace_id=ATVPDKIKX0DER][language_tag=en_US]#1.value,Size,Product Details,0,95,,,
612,1,part_number[marketplace_id=ATVPDKIKX0DER]#1.value,Part Number,Product Details,0,96,,,
613,1,edition[marketplace_id=ATVPDKIKX0DER][language_tag=en_US]#1.value,Edition,Product Details,0,97,,,
614,1,configuration[marketplace_id=ATVPDKIKX0DER][language_tag=en_US]#1.value,Configuration,Product Details,0,98,,,
615,1,platform_for_display[marketplace_id=ATVPDKIKX0DER][language_tag=en_US]#1.value,Platform for Display,Product Details,0,99,,,
616,1,wattage[marketplace_id=ATVPDKIKX0DER]#1.value,Wattage,Product Details,0,100,,,
617,1,wattage[marketplace_id=ATVPDKIKX0DER]#1.unit,Wattage Unit,Product Details,0,101,,,
618,1,voltage[marketplace_id=ATVPDKIKX0DER]#1.value,Voltage,Product Details,0,102,,,
619,1,voltage[marketplace_id=ATVPDKIKX0DER]#1.unit,Voltage Unit,Product Details,0,103,,,
620,1,voltage[marketplace_id=ATVPDKIKX0DER]#2.value,Voltage,Product Details,0,104,,,
621,1,voltage[marketplace_id=ATVPDKIKX0DER]#2.unit,Voltage Unit,Product Details,0,105,,,
622,1,customer_package_type[marketplace_id=ATVPDKIKX0DER][language_tag=en_US]#1.value,Customer Package Type,Product Details,0,106,,,
623,1,pattern[marketplace_id=ATVPDKIKX0DER][language_tag=en_US]#1.value,Pattern,Product Details,0,107,,,
624,1,unit_count[marketplace_id=ATVPDKIKX0DER]#1.value,Unit Count,Product Details,0,108,,,
625,1,unit_count[marketplace_id=ATVPDKIKX0DER]#1.type[language_tag=en_US].value,Unit Count Type,Product Details,0,109,,,
626,1,street_date[marketplace_id=ATVPDKIKX0DER]#1.value,Release Date,Product Details,0,110,,,
627,1,product_site_launch_date[marketplace_id=ATVPDKIKX0DER]#1.value,Product Site Launch Date,Product Details,0,111,,,
628,1,scent[marketplace_id=ATVPDKIKX0DER][language_tag=en_US]#1.value,Scent,Product Details,0,112,,,
629,1,scent[marketplace_id=ATVPDKIKX0DER][language_tag=en_US]#2.value,Scent,Product Details,0,113,,,
630,1,scent[marketplace_id=ATVPDKIKX0DER][language_tag=en_US]#3.value,Scent,Product Details,0,114,,,
631,1,scent[marketplace_id=ATVPDKIKX0DER][language_tag=en_US]#4.value,Scent,Product Details,0,115,,,
632,1,scent[marketplace_id=ATVPDKIKX0DER][language_tag=en_US]#5.value,Scent,Product Details,0,116,,,
633,1,government_contract_information[marketplace_id=ATVPDKIKX0DER]#1.name,Government Contract Name,Product Details,0,117,,,
634,1,government_contract_information[marketplace_id=ATVPDKIKX0DER]#1.number,Government Contract Number,Product Details,0,118,,,
635,1,parentage_level[marketplace_id=ATVPDKIKX0DER]#1.value,Parentage Level,Variations,0,119,,,
636,1,child_parent_sku_relationship[marketplace_id=ATVPDKIKX0DER]#1.parent_sku,Parent SKU,Variations,0,120,,,
637,1,variation_theme#1.name,Variation Theme Name,Variations,0,121,,,
638,1,country_of_origin[marketplace_id=ATVPDKIKX0DER]#1.value,Country of Origin,Safety & Compliance,1,122,,United States,
639,1,warranty_description[marketplace_id=ATVPDKIKX0DER][language_tag=en_US]#1.value,Warranty Description,Safety & Compliance,1,123,,,2 year warranty
640,1,warranty_description[marketplace_id=ATVPDKIKX0DER][language_tag=en_US]#2.value,Warranty Description,Safety & Compliance,0,124,,,
641,1,batteries_required[marketplace_id=ATVPDKIKX0DER]#1.value,Are batteries required?,Safety & Compliance,0,125,,,
642,1,batteries_included[marketplace_id=ATVPDKIKX0DER]#1.value,Are batteries included?,Safety & Compliance,0,126,,,
643,1,battery[marketplace_id=ATVPDKIKX0DER]#1.cell_composition#1.value,Battery Cell Composition,Safety & Compliance,0,127,,,
644,1,battery[marketplace_id=ATVPDKIKX0DER]#1.cell_composition_other_than_listed[language_tag=en_US]#1.value,Battery Cell Composition Other Than Listed,Safety & Compliance,0,128,,,
645,1,battery[marketplace_id=ATVPDKIKX0DER]#1.weight#1.value,Battery Weight,Safety & Compliance,0,129,,,
646,1,battery[marketplace_id=ATVPDKIKX0DER]#1.weight#1.unit,Battery Weight Unit,Safety & Compliance,0,130,,,
647,1,num_batteries[marketplace_id=ATVPDKIKX0DER]#1.quantity,Number of Batteries,Safety & Compliance,0,131,,,
648,1,num_batteries[marketplace_id=ATVPDKIKX0DER]#1.type,Battery Type,Safety & Compliance,0,132,,,
649,1,num_batteries[marketplace_id=ATVPDKIKX0DER]#2.quantity,Number of Batteries,Safety & Compliance,0,133,,,
650,1,num_batteries[marketplace_id=ATVPDKIKX0DER]#2.type,Battery Type,Safety & Compliance,0,134,,,
651,1,num_batteries[marketplace_id=ATVPDKIKX0DER]#3.quantity,Number of Batteries,Safety & Compliance,0,135,,,
652,1,num_batteries[marketplace_id=ATVPDKIKX0DER]#3.type,Battery Type,Safety & Compliance,0,136,,,
653,1,num_batteries[marketplace_id=ATVPDKIKX0DER]#4.quantity,Number of Batteries,Safety & Compliance,0,137,,,
654,1,num_batteries[marketplace_id=ATVPDKIKX0DER]#4.type,Battery Type,Safety & Compliance,0,138,,,
655,1,num_batteries[marketplace_id=ATVPDKIKX0DER]#5.quantity,Number of Batteries,Safety & Compliance,0,139,,,
656,1,num_batteries[marketplace_id=ATVPDKIKX0DER]#5.type,Battery Type,Safety & Compliance,0,140,,,
657,1,number_of_lithium_metal_cells[marketplace_id=ATVPDKIKX0DER]#1.value,Number of Lithium Metal Cells,Safety & Compliance,0,141,,,
658,1,number_of_lithium_ion_cells[marketplace_id=ATVPDKIKX0DER]#1.value,Number of Lithium-ion Cells,Safety & Compliance,0,142,,,
659,1,lithium_battery[marketplace_id=ATVPDKIKX0DER]#1.energy_content#1.value,Lithium Battery Energy Content,Safety & Compliance,0,143,,,
660,1,lithium_battery[marketplace_id=ATVPDKIKX0DER]#1.energy_content#1.unit,Lithium Battery Energy Content Unit,Safety & Compliance,0,144,,,
661,1,lithium_battery[marketplace_id=ATVPDKIKX0DER]#1.packaging#1.value,Lithium Battery Packaging,Safety & Compliance,0,145,,,
662,1,lithium_battery[marketplace_id=ATVPDKIKX0DER]#1.weight#1.value,Lithium Battery Weight,Safety & Compliance,0,146,,,
663,1,lithium_battery[marketplace_id=ATVPDKIKX0DER]#1.weight#1.unit,Lithium Battery Weight Unit,Safety & Compliance,0,147,,,
664,1,supplier_declared_dg_hz_regulation[marketplace_id=ATVPDKIKX0DER]#1.value,Dangerous Goods Regulations,Safety & Compliance,1,148,,Not Applicable,
665,1,supplier_declared_dg_hz_regulation[marketplace_id=ATVPDKIKX0DER]#2.value,Dangerous Goods Regulations,Safety & Compliance,0,149,,,
666,1,supplier_declared_dg_hz_regulation[marketplace_id=ATVPDKIKX0DER]#3.value,Dangerous Goods Regulations,Safety & Compliance,0,150,,,
667,1,supplier_declared_dg_hz_regulation[marketplace_id=ATVPDKIKX0DER]#4.value,Dangerous Goods Regulations,Safety & Compliance,0,151,,,
668,1,supplier_declared_dg_hz_regulation[marketplace_id=ATVPDKIKX0DER]#5.value,Dangerous Goods Regulations,Safety & Compliance,0,152,,,
669,1,ghs[marketplace_id=ATVPDKIKX0DER]#1.classification#1.class,GHS Class,Safety & Compliance,0,153,,,
670,1,ghs[marketplace_id=ATVPDKIKX0DER]#1.classification#2.class,GHS Class,Safety & Compliance,0,154,,,
671,1,ghs[marketplace_id=ATVPDKIKX0DER]#1.classification#3.class,GHS Class,Safety & Compliance,0,155,,,
672,1,ghs[marketplace_id=ATVPDKIKX0DER]#1.classification#4.class,GHS Class,Safety & Compliance,0,156,,,
673,1,ghs[marketplace_id=ATVPDKIKX0DER]#1.classification#5.class,GHS Class,Safety & Compliance,0,157,,,
674,1,hazmat[marketplace_id=ATVPDKIKX0DER]#1.aspect,Hazmat Aspect,Safety & Compliance,0,158,,,
675,1,hazmat[marketplace_id=ATVPDKIKX0DER]#1.value,Hazmat,Safety & Compliance,0,159,,,
676,1,safety_data_sheet_url[marketplace_id=ATVPDKIKX0DER][language_tag=en_US]#1.value,Safety Data Sheet (SDS or MSDS) URL,Safety & Compliance,0,160,,,
677,1,item_weight[marketplace_id=ATVPDKIKX0DER]#1.value,Item Weight,Safety & Compliance,0,161,,,
678,1,item_weight[marketplace_id=ATVPDKIKX0DER]#1.unit,Item Weight Unit,Safety & Compliance,0,162,,,
679,1,is_this_product_subject_to_buyer_age_restrictions[marketplace_id=ATVPDKIKX0DER]#1.value,Is This Product Subject To Buyer Age Restrictions,Safety & Compliance,0,163,,,
680,1,california_proposition_65[marketplace_id=ATVPDKIKX0DER]#1.compliance_type,California Proposition 65 Warning Type,Safety & Compliance,0,164,,,
681,1,california_proposition_65[marketplace_id=ATVPDKIKX0DER]#1.chemical_names#1,California Proposition 65 Chemical Name(s),Safety & Compliance,0,165,,,
682,1,california_proposition_65[marketplace_id=ATVPDKIKX0DER]#1.chemical_names#2,California Proposition 65 Chemical Name(s),Safety & Compliance,0,166,,,
683,1,california_proposition_65[marketplace_id=ATVPDKIKX0DER]#1.chemical_names#3,California Proposition 65 Chemical Name(s),Safety & Compliance,0,167,,,
684,1,california_proposition_65[marketplace_id=ATVPDKIKX0DER]#1.chemical_names#4,California Proposition 65 Chemical Name(s),Safety & Compliance,0,168,,,
685,1,california_proposition_65[marketplace_id=ATVPDKIKX0DER]#1.chemical_names#5,California Proposition 65 Chemical Name(s),Safety & Compliance,0,169,,,
686,1,pesticide_marking[marketplace_id=ATVPDKIKX0DER]#1.marking_type,Pesticide Marking,Safety & Compliance,0,170,,,
687,1,pesticide_marking[marketplace_id=ATVPDKIKX0DER]#1.registration_status,Pesticide Registration Status,Safety & Compliance,0,171,,,
688,1,pesticide_marking[marketplace_id=ATVPDKIKX0DER]#1.certification_number,Pesticide Certification Number,Safety & Compliance,0,172,,,
689,1,pesticide_marking[marketplace_id=ATVPDKIKX0DER]#2.marking_type,Pesticide Marking,Safety & Compliance,0,173,,,
690,1,pesticide_marking[marketplace_id=ATVPDKIKX0DER]#2.registration_status,Pesticide Registration Status,Safety & Compliance,0,174,,,
691,1,pesticide_marking[marketplace_id=ATVPDKIKX0DER]#2.certification_number,Pesticide Certification Number,Safety & Compliance,0,175,,,
692,1,pesticide_marking[marketplace_id=ATVPDKIKX0DER]#3.marking_type,Pesticide Marking,Safety & Compliance,0,176,,,
693,1,pesticide_marking[marketplace_id=ATVPDKIKX0DER]#3.registration_status,Pesticide Registration Status,Safety & Compliance,0,177,,,
694,1,pesticide_marking[marketplace_id=ATVPDKIKX0DER]#3.certification_number,Pesticide Certification Number,Safety & Compliance,0,178,,,
695,1,fcc_radio_frequency_emission_compliance[marketplace_id=ATVPDKIKX0DER]#1.registration_status,Radio Frequency Emission & Authorization Status,Safety & Compliance,0,179,,,
696,1,fcc_radio_frequency_emission_compliance[marketplace_id=ATVPDKIKX0DER]#1.identification_number,FCC ID,Safety & Compliance,0,180,,,
697,1,fcc_radio_frequency_emission_compliance[marketplace_id=ATVPDKIKX0DER]#1.point_of_contact_name,SDoC Contact Name,Safety & Compliance,0,181,,,
698,1,fcc_radio_frequency_emission_compliance[marketplace_id=ATVPDKIKX0DER]#1.point_of_contact_address,SDoC Contact US Mailing Address,Safety & Compliance,0,182,,,
699,1,fcc_radio_frequency_emission_compliance[marketplace_id=ATVPDKIKX0DER]#1.point_of_contact_email,SDoC Contact Email Address,Safety & Compliance,0,183,,,
700,1,fcc_radio_frequency_emission_compliance[marketplace_id=ATVPDKIKX0DER]#1.point_of_contact_phone_number,SDOC Contact US Phone Number,Safety & Compliance,0,184,,,
701,1,regulatory_compliance_certification[marketplace_id=ATVPDKIKX0DER]#1.regulation_type,Compliance Regulation Type,Safety & Compliance,0,185,,,
702,1,regulatory_compliance_certification[marketplace_id=ATVPDKIKX0DER]#1.value,Regulatory Identification,Safety & Compliance,0,186,,,
703,1,regulatory_compliance_certification[marketplace_id=ATVPDKIKX0DER]#2.regulation_type,Compliance Regulation Type,Safety & Compliance,0,187,,,
704,1,regulatory_compliance_certification[marketplace_id=ATVPDKIKX0DER]#2.value,Regulatory Identification,Safety & Compliance,0,188,,,
705,1,regulatory_compliance_certification[marketplace_id=ATVPDKIKX0DER]#3.regulation_type,Compliance Regulation Type,Safety & Compliance,0,189,,,
706,1,regulatory_compliance_certification[marketplace_id=ATVPDKIKX0DER]#3.value,Regulatory Identification,Safety & Compliance,0,190,,,
707,1,regulatory_compliance_certification[marketplace_id=ATVPDKIKX0DER]#4.regulation_type,Compliance Regulation Type,Safety & Compliance,0,191,,,
708,1,regulatory_compliance_certification[marketplace_id=ATVPDKIKX0DER]#4.value,Regulatory Identification,Safety & Compliance,0,192,,,
709,1,regulatory_compliance_certification[marketplace_id=ATVPDKIKX0DER]#5.regulation_type,Compliance Regulation Type,Safety & Compliance,0,193,,,
710,1,regulatory_compliance_certification[marketplace_id=ATVPDKIKX0DER]#5.value,Regulatory Identification,Safety & Compliance,0,194,,,
711,1,dsa_responsible_party_address[marketplace_id=ATVPDKIKX0DER]#1.value,Responsible Person's Email or Electronic Address,Safety & Compliance,0,195,,,
712,1,compliance_media[marketplace_id=ATVPDKIKX0DER][content_language=en_US][content_type=application_guide]#1.source_location,"Compliance Media Source Location (en_US, Application Guide)",Safety & Compliance,0,196,,,
713,1,compliance_media[marketplace_id=ATVPDKIKX0DER][content_language=en_US][content_type=certificate_of_analysis]#1.source_location,"Compliance Media Source Location (en_US, Certificate of Analysis)",Safety & Compliance,0,197,,,
714,1,compliance_media[marketplace_id=ATVPDKIKX0DER][content_language=en_US][content_type=certificate_of_compliance]#1.source_location,"Compliance Media Source Location (en_US, Certificate of Compliance)",Safety & Compliance,0,198,,,
715,1,compliance_media[marketplace_id=ATVPDKIKX0DER][content_language=en_US][content_type=compatibility_guide]#1.source_location,"Compliance Media Source Location (en_US, Compatibility Guide)",Safety & Compliance,0,199,,,
716,1,compliance_media[marketplace_id=ATVPDKIKX0DER][content_language=en_US][content_type=data_transparency_declaration]#1.source_location,"Compliance Media Source Location (en_US, Data Act Transparency Declaration)",Safety & Compliance,0,200,,,
717,1,compliance_media[marketplace_id=ATVPDKIKX0DER][content_language=en_US][content_type=emergency_use_authorization]#1.source_location,"Compliance Media Source Location (en_US, Emergency Use Authorization)",Safety & Compliance,0,201,,,
718,1,compliance_media[marketplace_id=ATVPDKIKX0DER][content_language=en_US][content_type=emergency_use_authorization_amendment]#1.source_location,"Compliance Media Source Location (en_US, Emergency Use Authorization Amendment)",Safety & Compliance,0,202,,,
719,1,compliance_media[marketplace_id=ATVPDKIKX0DER][content_language=en_US][content_type=installation_manual]#1.source_location,"Compliance Media Source Location (en_US, Installation Manual)",Safety & Compliance,0,203,,,
720,1,compliance_media[marketplace_id=ATVPDKIKX0DER][content_language=en_US][content_type=instructions_for_use]#1.source_location,"Compliance Media Source Location (en_US, Instructions for Use)",Safety & Compliance,0,204,,,
721,1,compliance_media[marketplace_id=ATVPDKIKX0DER][content_language=en_US][content_type=patient_fact_sheet]#1.source_location,"Compliance Media Source Location (en_US, Patient Fact Sheet)",Safety & Compliance,0,205,,,
722,1,compliance_media[marketplace_id=ATVPDKIKX0DER][content_language=en_US][content_type=product_certificate_of_conformity]#1.source_location,"Compliance Media Source Location (en_US, Product Certificate of Conformit)",Safety & Compliance,0,206,,,
723,1,compliance_media[marketplace_id=ATVPDKIKX0DER][content_language=en_US][content_type=provider_fact_sheet]#1.source_location,"Compliance Media Source Location (en_US, Provider Fact Sheet)",Safety & Compliance,0,207,,,
724,1,compliance_media[marketplace_id=ATVPDKIKX0DER][content_language=en_US][content_type=safety_data_sheet]#1.source_location,"Compliance Media Source Location (en_US, Safety Data Sheet)",Safety & Compliance,0,208,,,
725,1,compliance_media[marketplace_id=ATVPDKIKX0DER][content_language=en_US][content_type=safety_information]#1.source_location,"Compliance Media Source Location (en_US, Safety Information)",Safety & Compliance,0,209,,,
726,1,compliance_media[marketplace_id=ATVPDKIKX0DER][content_language=en_US][content_type=specification_sheet]#1.source_location,"Compliance Media Source Location (en_US, Specification Sheet)",Safety & Compliance,0,210,,,
727,1,compliance_media[marketplace_id=ATVPDKIKX0DER][content_language=en_US][content_type=troubleshooting_guide]#1.source_location,"Compliance Media Source Location (en_US, Troubleshooting Guide)",Safety & Compliance,0,211,,,
728,1,compliance_media[marketplace_id=ATVPDKIKX0DER][content_language=en_US][content_type=user_guide]#1.source_location,"Compliance Media Source Location (en_US, User Guide)",Safety & Compliance,0,212,,,
729,1,compliance_media[marketplace_id=ATVPDKIKX0DER][content_language=en_US][content_type=user_manual]#1.source_location,"Compliance Media Source Location (en_US, User Manual)",Safety & Compliance,0,213,,,
730,1,compliance_media[marketplace_id=ATVPDKIKX0DER][content_language=en_US][content_type=warranty]#1.source_location,"Compliance Media Source Location (en_US, Warranty)",Safety & Compliance,0,214,,,
731,1,gpsr_safety_attestation[marketplace_id=ATVPDKIKX0DER]#1.value,GPSR Safety Attestation,Safety & Compliance,0,215,,,
732,1,gpsr_manufacturer_reference[marketplace_id=ATVPDKIKX0DER]#1.gpsr_manufacturer_email_address,Manufacturerâ€™s Email or Electronic Address,Safety & Compliance,0,216,,,
733,1,ships_globally[marketplace_id=ATVPDKIKX0DER]#1.value,Ships Globally,Safety & Compliance,0,217,,,
734,1,ghs_chemical_h_code[marketplace_id=ATVPDKIKX0DER]#1.value,GHS Chemical H Code,Safety & Compliance,0,218,,,
735,1,ghs_chemical_h_code[marketplace_id=ATVPDKIKX0DER]#2.value,GHS Chemical H Code,Safety & Compliance,0,219,,,
736,1,ghs_chemical_h_code[marketplace_id=ATVPDKIKX0DER]#3.value,GHS Chemical H Code,Safety & Compliance,0,220,,,
737,1,ghs_chemical_h_code[marketplace_id=ATVPDKIKX0DER]#4.value,GHS Chemical H Code,Safety & Compliance,0,221,,,
738,1,ghs_chemical_h_code[marketplace_id=ATVPDKIKX0DER]#5.value,GHS Chemical H Code,Safety & Compliance,0,222,,,
739,1,baa_taa_regulation_compliance[marketplace_id=ATVPDKIKX0DER]#1.value,BAA/TAA Regulation Compliance,Safety & Compliance,0,223,,,
740,1,baa_taa_compliance_acknowledgement[marketplace_id=ATVPDKIKX0DER]#1.value,BAA TAA Compliance Acknowledgement,Safety & Compliance,0,224,,,
741,1,taa_compliant_country[marketplace_id=ATVPDKIKX0DER]#1.value,TAA Compliant Country,Safety & Compliance,0,225,,,
742,1,main_product_image_locator[marketplace_id=ATVPDKIKX0DER]#1.media_location,Main Image URL,Images,1,226,,,https://giggearcovers.com/amazon-images/[Manufacturer_Name]/[Series_Name]/[Manufacturer_Name]_[Series_Name]_[Model_Name]_[Equipment_Type]_Cover_001.jpg
743,1,other_product_image_locator_1[marketplace_id=ATVPDKIKX0DER]#1.media_location,Other Image URL,Images,1,227,,,https://giggearcovers.com/amazon-images/[Manufacturer_Name]/[Series_Name]/[Manufacturer_Name]_[Series_Name]_[Model_Name]_[Equipment_Type]_Cover_002.jpg
744,1,other_product_image_locator_2[marketplace_id=ATVPDKIKX0DER]#1.media_location,Other Image URL,Images,1,228,,,https://giggearcovers.com/amazon-images/[Manufacturer_Name]/[Series_Name]/[Manufacturer_Name]_[Series_Name]_[Model_Name]_[Equipment_Type]_Cover_003.jpg
745,1,other_product_image_locator_3[marketplace_id=ATVPDKIKX0DER]#1.media_location,Other Image URL,Images,1,229,,,https://giggearcovers.com/amazon-images/[Manufacturer_Name]/[Series_Name]/[Manufacturer_Name]_[Series_Name]_[Model_Name]_[Equipment_Type]_Cover_004.jpg
746,1,other_product_image_locator_4[marketplace_id=ATVPDKIKX0DER]#1.media_location,Other Image URL,Images,1,230,,,https://giggearcovers.com/amazon-images/[Manufacturer_Name]/[Series_Name]/[Manufacturer_Name]_[Series_Name]_[Model_Name]_[Equipment_Type]_Cover_005.jpg
747,1,other_product_image_locator_5[marketplace_id=ATVPDKIKX0DER]#1.media_location,Other Image URL,Images,1,231,,,https://giggearcovers.com/amazon-images/[Manufacturer_Name]/[Series_Name]/[Manufacturer_Name]_[Series_Name]_[Model_Name]_[Equipment_Type]_Cover_006.jpg
748,1,other_product_image_locator_6[marketplace_id=ATVPDKIKX0DER]#1.media_location,Other Image URL,Images,1,232,,,https://giggearcovers.com/amazon-images/[Manufacturer_Name]/[Series_Name]/[Manufacturer_Name]_[Series_Name]_[Model_Name]_[Equipment_Type]_Cover_007.jpg
749,1,other_product_image_locator_7[marketplace_id=ATVPDKIKX0DER]#1.media_location,Other Image URL,Images,1,233,,,https://giggearcovers.com/amazon-images/[Manufacturer_Name]/[Series_Name]/[Manufacturer_Name]_[Series_Name]_[Model_Name]_[Equipment_Type]_Cover_008.jpg
750,1,other_product_image_locator_8[marketplace_id=ATVPDKIKX0DER]#1.media_location,Other Image URL,Images,0,234,,,https://giggearcovers.com/amazon-images/[Manufacturer_Name]/[Series_Name]/[Manufacturer_Name]_[Series_Name]_[Model_Name]_[Equipment_Type]_Cover_009.jpg
751,1,swatch_product_image_locator[marketplace_id=ATVPDKIKX0DER]#1.media_location,Swatch Image URL,Images,0,235,,,
752,1,item_dimensions[marketplace_id=ATVPDKIKX0DER]#1.length.value,Item Length,Shipping,0,236,,,
753,1,item_dimensions[marketplace_id=ATVPDKIKX0DER]#1.length.unit,Item Length Unit,Shipping,0,237,,,
754,1,item_dimensions[marketplace_id=ATVPDKIKX0DER]#1.width.value,Item Width,Shipping,0,238,,,
755,1,item_dimensions[marketplace_id=ATVPDKIKX0DER]#1.width.unit,Item Width Unit,Shipping,0,239,,,
756,1,item_dimensions[marketplace_id=ATVPDKIKX0DER]#1.height.value,Item Height,Shipping,0,240,,,
757,1,item_dimensions[marketplace_id=ATVPDKIKX0DER]#1.height.unit,Item Height Unit,Shipping,0,241,,,
758,1,item_package_dimensions[marketplace_id=ATVPDKIKX0DER]#1.length.value,Item Package Length,Shipping,1,242,,12.5,
759,1,item_package_dimensions[marketplace_id=ATVPDKIKX0DER]#1.length.unit,Package Length Unit,Shipping,1,243,,Inches,
760,1,item_package_dimensions[marketplace_id=ATVPDKIKX0DER]#1.width.value,Item Package Width,Shipping,1,244,,1,
761,1,item_package_dimensions[marketplace_id=ATVPDKIKX0DER]#1.width.unit,Package Width Unit,Shipping,1,245,,Inches,
762,1,item_package_dimensions[marketplace_id=ATVPDKIKX0DER]#1.height.value,Item Package Height,Shipping,1,246,,1,
763,1,item_package_dimensions[marketplace_id=ATVPDKIKX0DER]#1.height.unit,Package Height Unit,Shipping,1,247,,Inches,
764,1,item_package_weight[marketplace_id=ATVPDKIKX0DER]#1.value,Package Weight,Shipping,1,248,,16,
765,1,item_package_weight[marketplace_id=ATVPDKIKX0DER]#1.unit,Package Weight Unit,Shipping,1,249,,Ounces,
766,1,number_of_boxes[marketplace_id=ATVPDKIKX0DER]#1.value,Number of Boxes,Shipping,0,250,,,
